img_id,img_hash,base_name,img_path,mask_path,raw_img,raw_mask,height,width,split
61c81614cedf45c4b7158845907442d8.png,7216542084739340939,case212,images/61c81614cedf45c4b7158845907442d8.png,masks/61c81614cedf45c4b7158845907442d8.png,data/raw/BrEaST-Lesions_USG-images_and_masks/case212.png,data/raw/BrEaST-Lesions_USG-images_and_masks/case212_tumor.png,512,512,train
800c43837bc747cea07f3234d597dcb6.png,12723942522718775054,case206,images/800c43837bc747cea07f3234d597dcb6.png,masks/800c43837bc747cea07f3234d597dcb6.png,data/raw/BrEaST-Lesions_USG-images_and_masks/case206.png,data/raw/BrEaST-Lesions_USG-images_and_masks/case206_tumor.png,512,512,val
4225c2b2a69a4e83b57d0926e4a8745f.png,14741590798727376077,case128,images/4225c2b2a69a4e83b57d0926e4a8745f.png,masks/4225c2b2a69a4e83b57d0926e4a8745f.png,data/raw/BrEaST-Lesions_USG-images_and_masks/case128.png,data/raw/BrEaST-Lesions_USG-images_and_masks/case128_tumor.png,512,512,train
bc6393a59b284b6f898c5f28605e0947.png,4922375409307999195,case152,images/bc6393a59b284b6f898c5f28605e0947.png,masks/bc6393a59b284b6f898c5f28605e0947.png,data/raw/BrEaST-Lesions_USG-images_and_masks/case152.png,data/raw/BrEaST-Lesions_USG-images_and_masks/case152_tumor.png,512,512,val
7cef12f4b82d4864b2c87e229b64b684.png,12163043864571265985,case010,images/7cef12f4b82d4864b2c87e229b64b684.png,masks/7cef12f4b82d4864b2c87e229b64b684.png,data/raw/BrEaST-Lesions_USG-images_and_masks/case010.png,data/raw/BrEaST-Lesions_USG-images_and_masks/case010_tumor.png,512,512,train
daf2cb4c11c842baa15c7020b00287fe.png,5426104646694103422,case004,images/daf2cb4c11c842baa15c7020b00287fe.png,masks/daf2cb4c11c842baa15c7020b00287fe.png,data/raw/BrEaST-Lesions_USG-images_and_masks/case004.png,data/raw/BrEaST-Lesions_USG-images_and_masks/case004_tumor.png,512,512,train
8f050c938d134fb6bb22bec52274e5ce.png,15006361995417835901,case014,images/8f050c938d134fb6bb22bec52274e5ce.png,masks/8f050c938d134fb6bb22bec52274e5ce.png,data/raw/BrEaST-Lesions_USG-images_and_masks/case014.png,data/raw/BrEaST-Lesions_USG-images_and_masks/case014_tumor.png,512,512,train
c130fd3865e942489fa4c9bf921d475b.png,6220145748887245008,case038,images/c130fd3865e942489fa4c9bf921d475b.png,masks/c130fd3865e942489fa4c9bf921d475b.png,data/raw/BrEaST-Lesions_USG-images_and_masks/case038.png,data/raw/BrEaST-Lesions_USG-images_and_masks/case038_tumor.png,512,512,train
8dbbda625e054c489c76f23063f01947.png,5966042084793885474,case222,images/8dbbda625e054c489c76f23063f01947.png,masks/8dbbda625e054c489c76f23063f01947.png,data/raw/BrEaST-Lesions_USG-images_and_masks/case222.png,data/raw/BrEaST-Lesions_USG-images_and_masks/case222_tumor.png,512,512,train
37e7a91c55db47cb8bd956430e5f6507.png,15236984692630842408,case236,images/37e7a91c55db47cb8bd956430e5f6507.png,masks/37e7a91c55db47cb8bd956430e5f6507.png,data/raw/BrEaST-Lesions_USG-images_and_masks/case236.png,data/raw/BrEaST-Lesions_USG-images_and_masks/case236_tumor.png,512,512,test
247c58f484b5464da637ddc0cb669152.png,3218331766618891802,case146,images/247c58f484b5464da637ddc0cb669152.png,masks/247c58f484b5464da637ddc0cb669152.png,data/raw/BrEaST-Lesions_USG-images_and_masks/case146.png,data/raw/BrEaST-Lesions_USG-images_and_masks/case146_tumor.png,512,512,train
7c12b201f6304aed9281c001e385ddb4.png,15583974382515742311,case164,images/7c12b201f6304aed9281c001e385ddb4.png,masks/7c12b201f6304aed9281c001e385ddb4.png,data/raw/BrEaST-Lesions_USG-images_and_masks/case164.png,data/raw/BrEaST-Lesions_USG-images_and_masks/case164_tumor.png,512,512,train
a5ecebaa4d30447380a407586d64a71a.png,3775644403114009688,case170,images/a5ecebaa4d30447380a407586d64a71a.png,masks/a5ecebaa4d30447380a407586d64a71a.png,data/raw/BrEaST-Lesions_USG-images_and_masks/case170.png,data/raw/BrEaST-Lesions_USG-images_and_masks/case170_tumor.png,512,512,train
d65136ff1e3d4b66804ab00277a5a575.png,11199756074265337293,case158,images/d65136ff1e3d4b66804ab00277a5a575.png,masks/d65136ff1e3d4b66804ab00277a5a575.png,data/raw/BrEaST-Lesions_USG-images_and_masks/case158.png,data/raw/BrEaST-Lesions_USG-images_and_masks/case158_tumor.png,512,512,val
8acd3d9d4b174599b4753a082a92ec51.png,16971650659140408854,case021,images/8acd3d9d4b174599b4753a082a92ec51.png,masks/8acd3d9d4b174599b4753a082a92ec51.png,data/raw/BrEaST-Lesions_USG-images_and_masks/case021.png,data/raw/BrEaST-Lesions_USG-images_and_masks/case021_tumor.png,512,512,train
bef03d359b4e4b9a9fe821ea080b4e44.png,12491133354073215323,case217,images/bef03d359b4e4b9a9fe821ea080b4e44.png,masks/bef03d359b4e4b9a9fe821ea080b4e44.png,data/raw/BrEaST-Lesions_USG-images_and_masks/case217.png,data/raw/BrEaST-Lesions_USG-images_and_masks/case217_tumor.png,512,512,train
ab4893c54931475d9de0d252dcf9686e.png,17939192828714609380,case167,images/ab4893c54931475d9de0d252dcf9686e.png,masks/ab4893c54931475d9de0d252dcf9686e.png,data/raw/BrEaST-Lesions_USG-images_and_masks/case167.png,data/raw/BrEaST-Lesions_USG-images_and_masks/case167_tumor.png,512,512,train
007529ffc4ee4005a0cf4fc91e5aafc1.png,8312651238428723272,case159,images/007529ffc4ee4005a0cf4fc91e5aafc1.png,masks/007529ffc4ee4005a0cf4fc91e5aafc1.png,data/raw/BrEaST-Lesions_USG-images_and_masks/case159.png,data/raw/BrEaST-Lesions_USG-images_and_masks/case159_tumor.png,512,512,val
0207ac51382c452885350830534cb282.png,5422989613852676697,case171,images/0207ac51382c452885350830534cb282.png,masks/0207ac51382c452885350830534cb282.png,data/raw/BrEaST-Lesions_USG-images_and_masks/case171.png,data/raw/BrEaST-Lesions_USG-images_and_masks/case171_tumor.png,512,512,train
388201c9a46944af8e3e7c40cee8784a.png,11229396268888172843,case092,images/388201c9a46944af8e3e7c40cee8784a.png,masks/388201c9a46944af8e3e7c40cee8784a.png,data/raw/BrEaST-Lesions_USG-images_and_masks/case092.png,data/raw/BrEaST-Lesions_USG-images_and_masks/case092_tumor.png,512,512,train
5894e0b04dca48bdb390d2e65899419a.png,3570995608203300864,case165,images/5894e0b04dca48bdb390d2e65899419a.png,masks/5894e0b04dca48bdb390d2e65899419a.png,data/raw/BrEaST-Lesions_USG-images_and_masks/case165.png,data/raw/BrEaST-Lesions_USG-images_and_masks/case165_tumor.png,512,512,train
0092466cdadb4109baa8769fe437a682.png,4741852917480869550,case039,images/0092466cdadb4109baa8769fe437a682.png,masks/0092466cdadb4109baa8769fe437a682.png,data/raw/BrEaST-Lesions_USG-images_and_masks/case039.png,data/raw/BrEaST-Lesions_USG-images_and_masks/case039_tumor.png,512,512,train
54b7a2f6a0b941f5962f98fb178d6d3c.png,16779524789281022440,case005,images/54b7a2f6a0b941f5962f98fb178d6d3c.png,masks/54b7a2f6a0b941f5962f98fb178d6d3c.png,data/raw/BrEaST-Lesions_USG-images_and_masks/case005.png,data/raw/BrEaST-Lesions_USG-images_and_masks/case005_tumor.png,512,512,train
692b9d04074841e59f0841637f3ada7d.png,16207554304589083376,case011,images/692b9d04074841e59f0841637f3ada7d.png,masks/692b9d04074841e59f0841637f3ada7d.png,data/raw/BrEaST-Lesions_USG-images_and_masks/case011.png,data/raw/BrEaST-Lesions_USG-images_and_masks/case011_tumor.png,512,512,train
b27b57e4c1804b53bb05e4da5d573e76.png,7776808558497085600,case086,images/b27b57e4c1804b53bb05e4da5d573e76.png,masks/b27b57e4c1804b53bb05e4da5d573e76.png,data/raw/BrEaST-Lesions_USG-images_and_masks/case086.png,data/raw/BrEaST-Lesions_USG-images_and_masks/case086_tumor.png,512,512,val
3ea37a670eea45f9b919476ffedc0adf.png,14581050625520986715,case109,images/3ea37a670eea45f9b919476ffedc0adf.png,masks/3ea37a670eea45f9b919476ffedc0adf.png,data/raw/BrEaST-Lesions_USG-images_and_masks/case109.png,data/raw/BrEaST-Lesions_USG-images_and_masks/case109_tumor.png,512,512,train
3b9c98d81bee442a9208914536a3d57d.png,16782864916156046032,case207,images/3b9c98d81bee442a9208914536a3d57d.png,masks/3b9c98d81bee442a9208914536a3d57d.png,data/raw/BrEaST-Lesions_USG-images_and_masks/case207.png,data/raw/BrEaST-Lesions_USG-images_and_masks/case207_tumor.png,512,512,train
70bd189ebd8e4e4cb81117347f4a0d5b.png,5867005368156705810,case173,images/70bd189ebd8e4e4cb81117347f4a0d5b.png,masks/70bd189ebd8e4e4cb81117347f4a0d5b.png,data/raw/BrEaST-Lesions_USG-images_and_masks/case173.png,data/raw/BrEaST-Lesions_USG-images_and_masks/case173_tumor.png,512,512,train
3b0e23ee15104f99b7ec126339a8b21a.png,5991526289310900585,case203,images/3b0e23ee15104f99b7ec126339a8b21a.png,masks/3b0e23ee15104f99b7ec126339a8b21a.png,data/raw/BrEaST-Lesions_USG-images_and_masks/case203.png,data/raw/BrEaST-Lesions_USG-images_and_masks/case203_tumor.png,512,512,train
54095ceace604d25b775b1b24af6bfd9.png,12455094389017220373,case035,images/54095ceace604d25b775b1b24af6bfd9.png,masks/54095ceace604d25b775b1b24af6bfd9.png,data/raw/BrEaST-Lesions_USG-images_and_masks/case035.png,data/raw/BrEaST-Lesions_USG-images_and_masks/case035_tumor.png,512,512,train
c72eee55e6ee4d6db7d3a65d8e244fad.png,6144271858193115108,case125,images/c72eee55e6ee4d6db7d3a65d8e244fad.png,masks/c72eee55e6ee4d6db7d3a65d8e244fad.png,data/raw/BrEaST-Lesions_USG-images_and_masks/case125.png,data/raw/BrEaST-Lesions_USG-images_and_masks/case125_tumor.png,512,512,train
1e22fe9eca47475fadc3d6387e3c21c9.png,6586662453877924847,case255,images/1e22fe9eca47475fadc3d6387e3c21c9.png,masks/1e22fe9eca47475fadc3d6387e3c21c9.png,data/raw/BrEaST-Lesions_USG-images_and_masks/case255.png,data/raw/BrEaST-Lesions_USG-images_and_masks/case255_tumor.png,512,512,train
d101c07edffb41af8a2d6b48673e76f1.png,2678139707313425548,case063,images/d101c07edffb41af8a2d6b48673e76f1.png,masks/d101c07edffb41af8a2d6b48673e76f1.png,data/raw/BrEaST-Lesions_USG-images_and_masks/case063.png,data/raw/BrEaST-Lesions_USG-images_and_masks/case063_tumor.png,512,512,train
9000937127fe4bc6a4cf0490946ecba1.png,11631943452353163376,case205,images/9000937127fe4bc6a4cf0490946ecba1.png,masks/9000937127fe4bc6a4cf0490946ecba1.png,data/raw/BrEaST-Lesions_USG-images_and_masks/case205.png,data/raw/BrEaST-Lesions_USG-images_and_masks/case205_tumor.png,512,512,train
b4386fc0973d4b65bdfc333c723af0a3.png,14440180157343506860,case211,images/b4386fc0973d4b65bdfc333c723af0a3.png,masks/b4386fc0973d4b65bdfc333c723af0a3.png,data/raw/BrEaST-Lesions_USG-images_and_masks/case211.png,data/raw/BrEaST-Lesions_USG-images_and_masks/case211_tumor.png,512,512,train
4706c50d317e413594e376d9cb3fecdb.png,9706537611261597833,case239,images/4706c50d317e413594e376d9cb3fecdb.png,masks/4706c50d317e413594e376d9cb3fecdb.png,data/raw/BrEaST-Lesions_USG-images_and_masks/case239.png,data/raw/BrEaST-Lesions_USG-images_and_masks/case239_tumor.png,512,512,train
2694fe21e0be4af5be3aa3fc2c3c4941.png,10766888680851497955,case019,images/2694fe21e0be4af5be3aa3fc2c3c4941.png,masks/2694fe21e0be4af5be3aa3fc2c3c4941.png,data/raw/BrEaST-Lesions_USG-images_and_masks/case019.png,data/raw/BrEaST-Lesions_USG-images_and_masks/case019_tumor.png,512,512,val
cf151c5227ed4ee6b6ab9cadde20f42a.png,12207470292488246098,case196,images/cf151c5227ed4ee6b6ab9cadde20f42a.png,masks/cf151c5227ed4ee6b6ab9cadde20f42a.png,data/raw/BrEaST-Lesions_USG-images_and_masks/case196.png,data/raw/BrEaST-Lesions_USG-images_and_masks/case196_tumor.png,512,512,test
cbcc93d1f2b14673b2e257d2b00ea680.png,5427271487133724977,case007,images/cbcc93d1f2b14673b2e257d2b00ea680.png,masks/cbcc93d1f2b14673b2e257d2b00ea680.png,data/raw/BrEaST-Lesions_USG-images_and_masks/case007.png,data/raw/BrEaST-Lesions_USG-images_and_masks/case007_tumor.png,512,512,train
7d3a37d13dc04f1798dc53df3c2f2f53.png,16782888915557986040,case013,images/7d3a37d13dc04f1798dc53df3c2f2f53.png,masks/7d3a37d13dc04f1798dc53df3c2f2f53.png,data/raw/BrEaST-Lesions_USG-images_and_masks/case013.png,data/raw/BrEaST-Lesions_USG-images_and_masks/case013_tumor.png,512,512,train
0fbd597a6a664e7a9294805390b64d4d.png,6362968709862314068,case198,images/0fbd597a6a664e7a9294805390b64d4d.png,masks/0fbd597a6a664e7a9294805390b64d4d.png,data/raw/BrEaST-Lesions_USG-images_and_masks/case198.png,data/raw/BrEaST-Lesions_USG-images_and_masks/case198_tumor.png,512,512,train
9e52fc78dd074e70898c87d478b25aba.png,6002783887072486438,case182,images/9e52fc78dd074e70898c87d478b25aba.png,masks/9e52fc78dd074e70898c87d478b25aba.png,data/raw/BrEaST-Lesions_USG-images_and_masks/case182.png,data/raw/BrEaST-Lesions_USG-images_and_masks/case182_tumor.png,512,512,train
7a50e1ed2f0f40708ec238ed152586ac.png,16775038738686081272,case077,images/7a50e1ed2f0f40708ec238ed152586ac.png,masks/7a50e1ed2f0f40708ec238ed152586ac.png,data/raw/BrEaST-Lesions_USG-images_and_masks/case077.png,data/raw/BrEaST-Lesions_USG-images_and_masks/case077_tumor.png,512,512,train
da1fc302eaf14d34999dcfada682ed4e.png,17359380815568494816,case241,images/da1fc302eaf14d34999dcfada682ed4e.png,masks/da1fc302eaf14d34999dcfada682ed4e.png,data/raw/BrEaST-Lesions_USG-images_and_masks/case241.png,data/raw/BrEaST-Lesions_USG-images_and_masks/case241_tumor.png,512,512,val
ac693f68a62449f4804f3b3420cb39d9.png,12856556637303549607,case131,images/ac693f68a62449f4804f3b3420cb39d9.png,masks/ac693f68a62449f4804f3b3420cb39d9.png,data/raw/BrEaST-Lesions_USG-images_and_masks/case131.png,data/raw/BrEaST-Lesions_USG-images_and_masks/case131_tumor.png,512,512,train
1ef00bfc42e24858a89f3e00a5a65561.png,12884715558091702280,case166,images/1ef00bfc42e24858a89f3e00a5a65561.png,masks/1ef00bfc42e24858a89f3e00a5a65561.png,data/raw/BrEaST-Lesions_USG-images_and_masks/case166.png,data/raw/BrEaST-Lesions_USG-images_and_masks/case166_tumor.png,512,512,test
dd07802661ec450a8ec29ff069971751.png,7844160922687737567,case172,images/dd07802661ec450a8ec29ff069971751.png,masks/dd07802661ec450a8ec29ff069971751.png,data/raw/BrEaST-Lesions_USG-images_and_masks/case172.png,data/raw/BrEaST-Lesions_USG-images_and_masks/case172_tumor.png,512,512,train
31bfaf12e07040dbbcc416ad4f7bcb66.png,14549982415631870954,case199,images/31bfaf12e07040dbbcc416ad4f7bcb66.png,masks/31bfaf12e07040dbbcc416ad4f7bcb66.png,data/raw/BrEaST-Lesions_USG-images_and_masks/case199.png,data/raw/BrEaST-Lesions_USG-images_and_masks/case199_tumor.png,512,512,train
21db5adc402f44ca9fefed6709dda67c.png,10134759328643631128,case056,images/21db5adc402f44ca9fefed6709dda67c.png,masks/21db5adc402f44ca9fefed6709dda67c.png,data/raw/BrEaST-Lesions_USG-images_and_masks/case056.png,data/raw/BrEaST-Lesions_USG-images_and_masks/case056_tumor.png,512,512,train
e10dc68c00bd49ab86d50b32dda2ede6.png,5391858622742018930,case110,images/e10dc68c00bd49ab86d50b32dda2ede6.png,masks/e10dc68c00bd49ab86d50b32dda2ede6.png,data/raw/BrEaST-Lesions_USG-images_and_masks/case110.png,data/raw/BrEaST-Lesions_USG-images_and_masks/case110_tumor.png,512,512,train
89bfc0532ed74c1c88941bd02545a48a.png,11189600389167473892,case104,images/89bfc0532ed74c1c88941bd02545a48a.png,masks/89bfc0532ed74c1c88941bd02545a48a.png,data/raw/BrEaST-Lesions_USG-images_and_masks/case104.png,data/raw/BrEaST-Lesions_USG-images_and_masks/case104_tumor.png,512,512,train
60a938dde7404ee48dcb7d4d9389bc9b.png,16538437100406871484,case012,images/60a938dde7404ee48dcb7d4d9389bc9b.png,masks/60a938dde7404ee48dcb7d4d9389bc9b.png,data/raw/BrEaST-Lesions_USG-images_and_masks/case012.png,data/raw/BrEaST-Lesions_USG-images_and_masks/case012_tumor.png,512,512,val
650f454605f94396b57c179f1b7a2164.png,4050232626356518263,case042,images/650f454605f94396b57c179f1b7a2164.png,masks/650f454605f94396b57c179f1b7a2164.png,data/raw/BrEaST-Lesions_USG-images_and_masks/case042.png,data/raw/BrEaST-Lesions_USG-images_and_masks/case042_tumor.png,512,512,train
ba4188ad90424836bb088b07fba4ed45.png,5398367666801642410,case006,images/ba4188ad90424836bb088b07fba4ed45.png,masks/ba4188ad90424836bb088b07fba4ed45.png,data/raw/BrEaST-Lesions_USG-images_and_masks/case006.png,data/raw/BrEaST-Lesions_USG-images_and_masks/case006_tumor.png,512,512,train
3eecca4eaaab4099b060a465307234ed.png,5283695813310125337,case238,images/3eecca4eaaab4099b060a465307234ed.png,masks/3eecca4eaaab4099b060a465307234ed.png,data/raw/BrEaST-Lesions_USG-images_and_masks/case238.png,data/raw/BrEaST-Lesions_USG-images_and_masks/case238_tumor.png,512,512,train
a0083b98f324478aa6a06e4921019353.png,6542409219863561687,case210,images/a0083b98f324478aa6a06e4921019353.png,masks/a0083b98f324478aa6a06e4921019353.png,data/raw/BrEaST-Lesions_USG-images_and_masks/case210.png,data/raw/BrEaST-Lesions_USG-images_and_masks/case210_tumor.png,512,512,train
ced34d69ed0e40cfb2eebd0fbf47a0ca.png,12298113614818515494,case204,images/ced34d69ed0e40cfb2eebd0fbf47a0ca.png,masks/ced34d69ed0e40cfb2eebd0fbf47a0ca.png,data/raw/BrEaST-Lesions_USG-images_and_masks/case204.png,data/raw/BrEaST-Lesions_USG-images_and_masks/case204_tumor.png,512,512,test
f55ef2f72d09408fb8bd581a0f079eea.png,16206463451107992804,case094,images/f55ef2f72d09408fb8bd581a0f079eea.png,masks/f55ef2f72d09408fb8bd581a0f079eea.png,data/raw/BrEaST-Lesions_USG-images_and_masks/case094.png,data/raw/BrEaST-Lesions_USG-images_and_masks/case094_tumor.png,512,512,train
eb5762d0d8bf4734a26739fc73ed2d93.png,15954024016075383216,case228,images/eb5762d0d8bf4734a26739fc73ed2d93.png,masks/eb5762d0d8bf4734a26739fc73ed2d93.png,data/raw/BrEaST-Lesions_USG-images_and_masks/case228.png,data/raw/BrEaST-Lesions_USG-images_and_masks/case228_tumor.png,512,512,train
3d585037533c4da7883ec2f1f9641eb4.png,5928360341714456270,case200,images/3d585037533c4da7883ec2f1f9641eb4.png,masks/3d585037533c4da7883ec2f1f9641eb4.png,data/raw/BrEaST-Lesions_USG-images_and_masks/case200.png,data/raw/BrEaST-Lesions_USG-images_and_masks/case200_tumor.png,512,512,train
cddb7b317b58468a900d976bbc8b614c.png,6587195653281271985,case214,images/cddb7b317b58468a900d976bbc8b614c.png,masks/cddb7b317b58468a900d976bbc8b614c.png,data/raw/BrEaST-Lesions_USG-images_and_masks/case214.png,data/raw/BrEaST-Lesions_USG-images_and_masks/case214_tumor.png,512,512,train
77c1c99d37a04eab9bde7323798f9ba2.png,15554142620527646290,case161,images/77c1c99d37a04eab9bde7323798f9ba2.png,masks/77c1c99d37a04eab9bde7323798f9ba2.png,data/raw/BrEaST-Lesions_USG-images_and_masks/case161.png,data/raw/BrEaST-Lesions_USG-images_and_masks/case161_tumor.png,512,512,train
35365b049c6b4bc3a8ff6f0a8cc62948.png,7253792221443230089,case027,images/35365b049c6b4bc3a8ff6f0a8cc62948.png,masks/35365b049c6b4bc3a8ff6f0a8cc62948.png,data/raw/BrEaST-Lesions_USG-images_and_masks/case027.png,data/raw/BrEaST-Lesions_USG-images_and_masks/case027_tumor.png,512,512,train
7f6cb41cba134dee8fbfceac6cca5bfd.png,14820685744709196372,case002,images/7f6cb41cba134dee8fbfceac6cca5bfd.png,masks/7f6cb41cba134dee8fbfceac6cca5bfd.png,data/raw/BrEaST-Lesions_USG-images_and_masks/case002.png,data/raw/BrEaST-Lesions_USG-images_and_masks/case002_tumor.png,512,512,train
7330fb4398fc471fb336a59664ba7f95.png,8308115849602188440,case016,images/7330fb4398fc471fb336a59664ba7f95.png,masks/7330fb4398fc471fb336a59664ba7f95.png,data/raw/BrEaST-Lesions_USG-images_and_masks/case016.png,data/raw/BrEaST-Lesions_USG-images_and_masks/case016_tumor.png,512,512,train
61b7a4dc83564f729a0780541347c6b1.png,6443325422517967974,case189,images/61b7a4dc83564f729a0780541347c6b1.png,masks/61b7a4dc83564f729a0780541347c6b1.png,data/raw/BrEaST-Lesions_USG-images_and_masks/case189.png,data/raw/BrEaST-Lesions_USG-images_and_masks/case189_tumor.png,512,512,train
7660822abe724993b4a4d275e6617e8a.png,13067798025116695458,case033,images/7660822abe724993b4a4d275e6617e8a.png,masks/7660822abe724993b4a4d275e6617e8a.png,data/raw/BrEaST-Lesions_USG-images_and_masks/case033.png,data/raw/BrEaST-Lesions_USG-images_and_masks/case033_tumor.png,512,512,train
82821e64aaa04e58a6473e0b916530ed.png,5644096163600637486,case176,images/82821e64aaa04e58a6473e0b916530ed.png,masks/82821e64aaa04e58a6473e0b916530ed.png,data/raw/BrEaST-Lesions_USG-images_and_masks/case176.png,data/raw/BrEaST-Lesions_USG-images_and_masks/case176_tumor.png,512,512,train
4dc8fd7a86f6451b8432534528e82e93.png,15628300636885669616,case175,images/4dc8fd7a86f6451b8432534528e82e93.png,masks/4dc8fd7a86f6451b8432534528e82e93.png,data/raw/BrEaST-Lesions_USG-images_and_masks/case175.png,data/raw/BrEaST-Lesions_USG-images_and_masks/case175_tumor.png,512,512,train
c1617e1ca06f4a2da279f66b7483669e.png,7621857271262092886,case162,images/c1617e1ca06f4a2da279f66b7483669e.png,masks/c1617e1ca06f4a2da279f66b7483669e.png,data/raw/BrEaST-Lesions_USG-images_and_masks/case162.png,data/raw/BrEaST-Lesions_USG-images_and_masks/case162_tumor.png,512,512,train
2d45bc50d3e5485cac1c3bd69e57a2ad.png,5318853584040826908,case080,images/2d45bc50d3e5485cac1c3bd69e57a2ad.png,masks/2d45bc50d3e5485cac1c3bd69e57a2ad.png,data/raw/BrEaST-Lesions_USG-images_and_masks/case080.png,data/raw/BrEaST-Lesions_USG-images_and_masks/case080_tumor.png,512,512,train
5765ec79980241ad9f5f44916b67b96c.png,14889580562551694318,case049,images/5765ec79980241ad9f5f44916b67b96c.png,masks/5765ec79980241ad9f5f44916b67b96c.png,data/raw/BrEaST-Lesions_USG-images_and_masks/case049.png,data/raw/BrEaST-Lesions_USG-images_and_masks/case049_tumor.png,512,512,train
ac1b199498f24577b6025ccb8737ae73.png,6590688850218902240,case224,images/ac1b199498f24577b6025ccb8737ae73.png,masks/ac1b199498f24577b6025ccb8737ae73.png,data/raw/BrEaST-Lesions_USG-images_and_masks/case224.png,data/raw/BrEaST-Lesions_USG-images_and_masks/case224_tumor.png,512,512,train
1dc98f281850407ca54d68a395350299.png,1934905915816447706,case154,images/1dc98f281850407ca54d68a395350299.png,masks/1dc98f281850407ca54d68a395350299.png,data/raw/BrEaST-Lesions_USG-images_and_masks/case154.png,data/raw/BrEaST-Lesions_USG-images_and_masks/case154_tumor.png,512,512,test
73e510a170184af3bd940ae198f171c7.png,11697155395026558734,case163,images/73e510a170184af3bd940ae198f171c7.png,masks/73e510a170184af3bd940ae198f171c7.png,data/raw/BrEaST-Lesions_USG-images_and_masks/case163.png,data/raw/BrEaST-Lesions_USG-images_and_masks/case163_tumor.png,512,512,train
aefe87d4ea74427cacaa12738f71cf4a.png,9968088256885913936,case177,images/aefe87d4ea74427cacaa12738f71cf4a.png,masks/aefe87d4ea74427cacaa12738f71cf4a.png,data/raw/BrEaST-Lesions_USG-images_and_masks/case177.png,data/raw/BrEaST-Lesions_USG-images_and_masks/case177_tumor.png,512,512,val
259c29bae1f343b684e6369eab0b63b2.png,5642546159207962566,case068,images/259c29bae1f343b684e6369eab0b63b2.png,masks/259c29bae1f343b684e6369eab0b63b2.png,data/raw/BrEaST-Lesions_USG-images_and_masks/case068.png,data/raw/BrEaST-Lesions_USG-images_and_masks/case068_tumor.png,512,512,train
79d83de22e834081ab2b5eb2e186e4c3.png,5857578190794020439,case188,images/79d83de22e834081ab2b5eb2e186e4c3.png,masks/79d83de22e834081ab2b5eb2e186e4c3.png,data/raw/BrEaST-Lesions_USG-images_and_masks/case188.png,data/raw/BrEaST-Lesions_USG-images_and_masks/case188_tumor.png,512,512,val
49b6ada9172c49e08fe49a21eb6bd756.png,3941031518761707689,case017,images/49b6ada9172c49e08fe49a21eb6bd756.png,masks/49b6ada9172c49e08fe49a21eb6bd756.png,data/raw/BrEaST-Lesions_USG-images_and_masks/case017.png,data/raw/BrEaST-Lesions_USG-images_and_masks/case017_tumor.png,512,512,train
4501ddfcc664495ab114305c62433107.png,14580796094965532755,case003,images/4501ddfcc664495ab114305c62433107.png,masks/4501ddfcc664495ab114305c62433107.png,data/raw/BrEaST-Lesions_USG-images_and_masks/case003.png,data/raw/BrEaST-Lesions_USG-images_and_masks/case003_tumor.png,512,512,train
ad8ce5a6b6c14aa8888e1587bb356f2a.png,17363888830591058624,case215,images/ad8ce5a6b6c14aa8888e1587bb356f2a.png,masks/ad8ce5a6b6c14aa8888e1587bb356f2a.png,data/raw/BrEaST-Lesions_USG-images_and_masks/case215.png,data/raw/BrEaST-Lesions_USG-images_and_masks/case215_tumor.png,512,512,train
c4e48aedfe524e88be641aa476511840.png,3250590839554886539,case140,images/c4e48aedfe524e88be641aa476511840.png,masks/c4e48aedfe524e88be641aa476511840.png,data/raw/BrEaST-Lesions_USG-images_and_masks/case140.png,data/raw/BrEaST-Lesions_USG-images_and_masks/case140_tumor.png,512,512,train
d6e1a02377554808a0222be7ea216133.png,5942804199571236684,case201,images/d6e1a02377554808a0222be7ea216133.png,masks/d6e1a02377554808a0222be7ea216133.png,data/raw/BrEaST-Lesions_USG-images_and_masks/case201.png,data/raw/BrEaST-Lesions_USG-images_and_masks/case201_tumor.png,512,512,val
b0f4a5c7da5f412780cc24a3909ce315.png,14151335572227714670,case229,images/b0f4a5c7da5f412780cc24a3909ce315.png,masks/b0f4a5c7da5f412780cc24a3909ce315.png,data/raw/BrEaST-Lesions_USG-images_and_masks/case229.png,data/raw/BrEaST-Lesions_USG-images_and_masks/case229_tumor.png,512,512,train
2dc1e00cde45412794968bc16d4cc7f9.png,6436024131510897304,case230,images/2dc1e00cde45412794968bc16d4cc7f9.png,masks/2dc1e00cde45412794968bc16d4cc7f9.png,data/raw/BrEaST-Lesions_USG-images_and_masks/case230.png,data/raw/BrEaST-Lesions_USG-images_and_masks/case230_tumor.png,512,512,train
d132386991234ec59033c64494b4f9f3.png,17359314931676254416,case116,images/d132386991234ec59033c64494b4f9f3.png,masks/d132386991234ec59033c64494b4f9f3.png,data/raw/BrEaST-Lesions_USG-images_and_masks/case116.png,data/raw/BrEaST-Lesions_USG-images_and_masks/case116_tumor.png,512,512,train
149e9adaddc44dfb93b2b0ed0498464b.png,10012863468866241024,case050,images/149e9adaddc44dfb93b2b0ed0498464b.png,masks/149e9adaddc44dfb93b2b0ed0498464b.png,data/raw/BrEaST-Lesions_USG-images_and_masks/case050.png,data/raw/BrEaST-Lesions_USG-images_and_masks/case050_tumor.png,512,512,train
db3bcc86e7c046c7a265e0e1284d1668.png,6150068005629611724,case099,images/db3bcc86e7c046c7a265e0e1284d1668.png,masks/db3bcc86e7c046c7a265e0e1284d1668.png,data/raw/BrEaST-Lesions_USG-images_and_masks/case099.png,data/raw/BrEaST-Lesions_USG-images_and_masks/case099_tumor.png,512,512,train
1a7dc73223064f7cab50e1395ba6326e.png,3867619650235127320,case029,images/1a7dc73223064f7cab50e1395ba6326e.png,masks/1a7dc73223064f7cab50e1395ba6326e.png,data/raw/BrEaST-Lesions_USG-images_and_masks/case029.png,data/raw/BrEaST-Lesions_USG-images_and_masks/case029_tumor.png,512,512,test
6002959240c445328a6e9ccdc91822d2.png,8154798388163438889,case015,images/6002959240c445328a6e9ccdc91822d2.png,masks/6002959240c445328a6e9ccdc91822d2.png,data/raw/BrEaST-Lesions_USG-images_and_masks/case015.png,data/raw/BrEaST-Lesions_USG-images_and_masks/case015_tumor.png,512,512,train
32e8746f83a34a75861f14cad61e1bbd.png,7883034681229592134,case001,images/32e8746f83a34a75861f14cad61e1bbd.png,masks/32e8746f83a34a75861f14cad61e1bbd.png,data/raw/BrEaST-Lesions_USG-images_and_masks/case001.png,data/raw/BrEaST-Lesions_USG-images_and_masks/case001_tumor.png,512,512,val
4449f82e675a48d1a5a8d45eec14b657.png,7051874711020293325,case178,images/4449f82e675a48d1a5a8d45eec14b657.png,masks/4449f82e675a48d1a5a8d45eec14b657.png,data/raw/BrEaST-Lesions_USG-images_and_masks/case178.png,data/raw/BrEaST-Lesions_USG-images_and_masks/case178_tumor.png,512,512,train
c9e376de1f1e48989db61f8112a5b700.png,5320204899557153048,case208,images/c9e376de1f1e48989db61f8112a5b700.png,masks/c9e376de1f1e48989db61f8112a5b700.png,data/raw/BrEaST-Lesions_USG-images_and_masks/case208.png,data/raw/BrEaST-Lesions_USG-images_and_masks/case208_tumor.png,512,512,train
d6c5cc235ff74a3b907f68271e2fc5c9.png,6765616988645461646,case149,images/d6c5cc235ff74a3b907f68271e2fc5c9.png,masks/d6c5cc235ff74a3b907f68271e2fc5c9.png,data/raw/BrEaST-Lesions_USG-images_and_masks/case149.png,data/raw/BrEaST-Lesions_USG-images_and_masks/case149_tumor.png,512,512,train
d69416f7a8934c878a28aaf3bf5c1ad3.png,14580097215598138968,case044,images/d69416f7a8934c878a28aaf3bf5c1ad3.png,masks/d69416f7a8934c878a28aaf3bf5c1ad3.png,data/raw/BrEaST-Lesions_USG-images_and_masks/case044.png,data/raw/BrEaST-Lesions_USG-images_and_masks/case044_tumor.png,512,512,train
6b04aa497e2d41d7a26fac6c26415770.png,6146669777168944352,case102,images/6b04aa497e2d41d7a26fac6c26415770.png,masks/6b04aa497e2d41d7a26fac6c26415770.png,data/raw/BrEaST-Lesions_USG-images_and_masks/case102.png,data/raw/BrEaST-Lesions_USG-images_and_masks/case102_tumor.png,512,512,train
7b56a40b7c0f4b1289c5411d2f7da493.png,5821701686495139282,case190,images/7b56a40b7c0f4b1289c5411d2f7da493.png,masks/7b56a40b7c0f4b1289c5411d2f7da493.png,data/raw/BrEaST-Lesions_USG-images_and_masks/case190.png,data/raw/BrEaST-Lesions_USG-images_and_masks/case190_tumor.png,512,512,train
d093b5e77bc944e59f9cc5a288909145.png,16781721372255251192,case253,images/d093b5e77bc944e59f9cc5a288909145.png,masks/d093b5e77bc944e59f9cc5a288909145.png,data/raw/BrEaST-Lesions_USG-images_and_masks/case253.png,data/raw/BrEaST-Lesions_USG-images_and_masks/case253_tumor.png,512,512,test
4148640b62814afe990d768653982549.png,17646463267793721592,case174,images/4148640b62814afe990d768653982549.png,masks/4148640b62814afe990d768653982549.png,data/raw/BrEaST-Lesions_USG-images_and_masks/case174.png,data/raw/BrEaST-Lesions_USG-images_and_masks/case174_tumor.png,512,512,val
469a939b7e1345e39a76df8c5c7223e6.png,6148914692831848039,case160,images/469a939b7e1345e39a76df8c5c7223e6.png,masks/469a939b7e1345e39a76df8c5c7223e6.png,data/raw/BrEaST-Lesions_USG-images_and_masks/case160.png,data/raw/BrEaST-Lesions_USG-images_and_masks/case160_tumor.png,512,512,train
82f956efe3f8493a985747732b450dd2.png,5569384199532397511,case065,images/82f956efe3f8493a985747732b450dd2.png,masks/82f956efe3f8493a985747732b450dd2.png,data/raw/BrEaST-Lesions_USG-images_and_masks/case065.png,data/raw/BrEaST-Lesions_USG-images_and_masks/case065_tumor.png,512,512,train
7ad58740c9874af087a34d1d87622fa1.png,2776656736472805569,case148,images/7ad58740c9874af087a34d1d87622fa1.png,masks/7ad58740c9874af087a34d1d87622fa1.png,data/raw/BrEaST-Lesions_USG-images_and_masks/case148.png,data/raw/BrEaST-Lesions_USG-images_and_masks/case148_tumor.png,512,512,train
0e91a037fb2742f1ae2f311df29cd230.png,12200919145036524210,case123,images/0e91a037fb2742f1ae2f311df29cd230.png,masks/0e91a037fb2742f1ae2f311df29cd230.png,data/raw/BrEaST-Lesions_USG-images_and_masks/case123.png,data/raw/BrEaST-Lesions_USG-images_and_masks/case123_tumor.png,512,512,train
4ae93686e264403d872d4c5a6db5fcc5.png,6003657683919086551,case028,images/4ae93686e264403d872d4c5a6db5fcc5.png,masks/4ae93686e264403d872d4c5a6db5fcc5.png,data/raw/BrEaST-Lesions_USG-images_and_masks/case028.png,data/raw/BrEaST-Lesions_USG-images_and_masks/case028_tumor.png,512,512,train
c45ae6e9196d451db0ba20548144a040.png,13289080491045823821,case137,images/c45ae6e9196d451db0ba20548144a040.png,masks/c45ae6e9196d451db0ba20548144a040.png,data/raw/BrEaST-Lesions_USG-images_and_masks/case137.png,data/raw/BrEaST-Lesions_USG-images_and_masks/case137_tumor.png,512,512,train
5c1cbb6bb9624dc188d2fa2eeb7c038a.png,6001423937937295175,case071,images/5c1cbb6bb9624dc188d2fa2eeb7c038a.png,masks/5c1cbb6bb9624dc188d2fa2eeb7c038a.png,data/raw/BrEaST-Lesions_USG-images_and_masks/case071.png,data/raw/BrEaST-Lesions_USG-images_and_masks/case071_tumor.png,512,512,train
8a02fc699a8943a7b8cebe0c7528e895.png,14540672177718973531,case247,images/8a02fc699a8943a7b8cebe0c7528e895.png,masks/8a02fc699a8943a7b8cebe0c7528e895.png,data/raw/BrEaST-Lesions_USG-images_and_masks/case247.png,data/raw/BrEaST-Lesions_USG-images_and_masks/case247_tumor.png,512,512,train
daa826cda3ca432b80a40e8eb621d390.png,5423916642060104144,case202,images/daa826cda3ca432b80a40e8eb621d390.png,masks/daa826cda3ca432b80a40e8eb621d390.png,data/raw/BrEaST-Lesions_USG-images_and_masks/case202.png,data/raw/BrEaST-Lesions_USG-images_and_masks/case202_tumor.png,512,512,train
2b86ee081327483bb4c1b3460f2c4c03.png,16784014935627196640,case216,images/2b86ee081327483bb4c1b3460f2c4c03.png,masks/2b86ee081327483bb4c1b3460f2c4c03.png,data/raw/BrEaST-Lesions_USG-images_and_masks/case216.png,data/raw/BrEaST-Lesions_USG-images_and_masks/case216_tumor.png,512,512,train
ff11ce712b00426f84385e459d9f129b.png,3269915236288556212,case184,images/ff11ce712b00426f84385e459d9f129b.png,masks/ff11ce712b00426f84385e459d9f129b.png,data/raw/BrEaST-Lesions_USG-images_and_masks/case184.png,data/raw/BrEaST-Lesions_USG-images_and_masks/case184_tumor.png,512,512,train
a84e57f6c7064deeb6c8579b2a5cb4b8.png,15800049838066007197,case147,images/a84e57f6c7064deeb6c8579b2a5cb4b8.png,masks/a84e57f6c7064deeb6c8579b2a5cb4b8.png,data/raw/BrEaST-Lesions_USG-images_and_masks/case147.png,data/raw/BrEaST-Lesions_USG-images_and_masks/case147_tumor.png,512,512,train
00e9ddd1da7e4734af2f32da732a6ae9.png,10743738735756532830,case237,images/00e9ddd1da7e4734af2f32da732a6ae9.png,masks/00e9ddd1da7e4734af2f32da732a6ae9.png,data/raw/BrEaST-Lesions_USG-images_and_masks/case237.png,data/raw/BrEaST-Lesions_USG-images_and_masks/case237_tumor.png,512,512,train
f7f04ab15dfb4b65ad9af9c0dbaa0342.png,6761395450721217614,case098,images/f7f04ab15dfb4b65ad9af9c0dbaa0342.png,masks/f7f04ab15dfb4b65ad9af9c0dbaa0342.png,data/raw/BrEaST-Lesions_USG-images_and_masks/case098.png,data/raw/BrEaST-Lesions_USG-images_and_masks/case098_tumor.png,512,512,train
f45047dce2604b449e35620fccd97325.png,8597592364414146068,case073,images/f45047dce2604b449e35620fccd97325.png,masks/f45047dce2604b449e35620fccd97325.png,data/raw/BrEaST-Lesions_USG-images_and_masks/case073.png,data/raw/BrEaST-Lesions_USG-images_and_masks/case073_tumor.png,512,512,train
0c8f10e6b713410e9f00dcf9183831b9.png,5784139627482470512,case067,images/0c8f10e6b713410e9f00dcf9183831b9.png,masks/0c8f10e6b713410e9f00dcf9183831b9.png,data/raw/BrEaST-Lesions_USG-images_and_masks/case067.png,data/raw/BrEaST-Lesions_USG-images_and_masks/case067_tumor.png,512,512,train
b8d4b07e63b14ae695c03662a1c9399a.png,16454998046854149875,case107,images/b8d4b07e63b14ae695c03662a1c9399a.png,masks/b8d4b07e63b14ae695c03662a1c9399a.png,data/raw/BrEaST-Lesions_USG-images_and_masks/case107.png,data/raw/BrEaST-Lesions_USG-images_and_masks/case107_tumor.png,512,512,train
f555079af2904bab95aff812797dd910.png,16494619094430303968,case129,images/f555079af2904bab95aff812797dd910.png,masks/f555079af2904bab95aff812797dd910.png,data/raw/BrEaST-Lesions_USG-images_and_masks/case129.png,data/raw/BrEaST-Lesions_USG-images_and_masks/case129_tumor.png,512,512,train
ee3a3edd97314152b1e9834a5383fb75.png,4102364259572188493,case113,images/ee3a3edd97314152b1e9834a5383fb75.png,masks/ee3a3edd97314152b1e9834a5383fb75.png,data/raw/BrEaST-Lesions_USG-images_and_masks/case113.png,data/raw/BrEaST-Lesions_USG-images_and_masks/case113_tumor.png,512,512,test
d1e5b1a5a73e4fb0be2d614d2df71358.png,10614080452910483204,case223,images/d1e5b1a5a73e4fb0be2d614d2df71358.png,masks/d1e5b1a5a73e4fb0be2d614d2df71358.png,data/raw/BrEaST-Lesions_USG-images_and_masks/case223.png,data/raw/BrEaST-Lesions_USG-images_and_masks/case223_tumor.png,512,512,train
d2f9fae743c6428cbeb07c7739f989cd.png,7147964694801986740,case153,images/d2f9fae743c6428cbeb07c7739f989cd.png,masks/d2f9fae743c6428cbeb07c7739f989cd.png,data/raw/BrEaST-Lesions_USG-images_and_masks/case153.png,data/raw/BrEaST-Lesions_USG-images_and_masks/case153_tumor.png,512,512,test
9323552f0f43414a89e1198f9ba3a695.png,5931925077456350404,case108,images/9323552f0f43414a89e1198f9ba3a695.png,masks/9323552f0f43414a89e1198f9ba3a695.png,data/raw/BrEaST-Lesions_USG-images_and_masks/case108.png,data/raw/BrEaST-Lesions_USG-images_and_masks/case108_tumor.png,512,512,train
323611f10bba4c0493326a8db25a51a7.png,11985938627915451018,case087,images/323611f10bba4c0493326a8db25a51a7.png,masks/323611f10bba4c0493326a8db25a51a7.png,data/raw/BrEaST-Lesions_USG-images_and_masks/case087.png,data/raw/BrEaST-Lesions_USG-images_and_masks/case087_tumor.png,512,512,train
047d72ea81ac410abc1a31a553b992ac.png,16496954423840525032,case112,images/047d72ea81ac410abc1a31a553b992ac.png,masks/047d72ea81ac410abc1a31a553b992ac.png,data/raw/BrEaST-Lesions_USG-images_and_masks/case112.png,data/raw/BrEaST-Lesions_USG-images_and_masks/case112_tumor.png,512,512,train
8ec4bfd651fb4a8ba7b5553f29b3b0f6.png,16779528876808747256,case106,images/8ec4bfd651fb4a8ba7b5553f29b3b0f6.png,masks/8ec4bfd651fb4a8ba7b5553f29b3b0f6.png,data/raw/BrEaST-Lesions_USG-images_and_masks/case106.png,data/raw/BrEaST-Lesions_USG-images_and_masks/case106_tumor.png,512,512,train
dbaef970b63e42818036549393912cc4.png,7072279355967720652,case034,images/dbaef970b63e42818036549393912cc4.png,masks/dbaef970b63e42818036549393912cc4.png,data/raw/BrEaST-Lesions_USG-images_and_masks/case034.png,data/raw/BrEaST-Lesions_USG-images_and_masks/case034_tumor.png,512,512,train
d115158ce555459aab4ebcd5503145a5.png,10857275232885705932,case066,images/d115158ce555459aab4ebcd5503145a5.png,masks/d115158ce555459aab4ebcd5503145a5.png,data/raw/BrEaST-Lesions_USG-images_and_masks/case066.png,data/raw/BrEaST-Lesions_USG-images_and_masks/case066_tumor.png,512,512,train
49a257a59fbc499e9cf366f9c12790c2.png,5932742357768837400,case020,images/49a257a59fbc499e9cf366f9c12790c2.png,masks/49a257a59fbc499e9cf366f9c12790c2.png,data/raw/BrEaST-Lesions_USG-images_and_masks/case020.png,data/raw/BrEaST-Lesions_USG-images_and_masks/case020_tumor.png,512,512,train
1e3286667de84d0ea9f997e8f48afbb8.png,3815004719556088982,case072,images/1e3286667de84d0ea9f997e8f48afbb8.png,masks/1e3286667de84d0ea9f997e8f48afbb8.png,data/raw/BrEaST-Lesions_USG-images_and_masks/case072.png,data/raw/BrEaST-Lesions_USG-images_and_masks/case072_tumor.png,512,512,train
572fd360fb6b4463973e7031d29a3caa.png,8885999290361207128,case093,images/572fd360fb6b4463973e7031d29a3caa.png,masks/572fd360fb6b4463973e7031d29a3caa.png,data/raw/BrEaST-Lesions_USG-images_and_masks/case093.png,data/raw/BrEaST-Lesions_USG-images_and_masks/case093_tumor.png,512,512,train
c0f9317aebe4416f864a8af9f38b4d58.png,14596811098946876786,case183,images/c0f9317aebe4416f864a8af9f38b4d58.png,masks/c0f9317aebe4416f864a8af9f38b4d58.png,data/raw/BrEaST-Lesions_USG-images_and_masks/case183.png,data/raw/BrEaST-Lesions_USG-images_and_masks/case183_tumor.png,512,512,train
84a6cdc79e7948c4a1ef46f0e7978afc.png,6011226406374899033,case064,images/84a6cdc79e7948c4a1ef46f0e7978afc.png,masks/84a6cdc79e7948c4a1ef46f0e7978afc.png,data/raw/BrEaST-Lesions_USG-images_and_masks/case064.png,data/raw/BrEaST-Lesions_USG-images_and_masks/case064_tumor.png,512,512,train
38db4e938ac04d3aa91e789044bd6ca5.png,5356303726604621716,case130,images/38db4e938ac04d3aa91e789044bd6ca5.png,masks/38db4e938ac04d3aa91e789044bd6ca5.png,data/raw/BrEaST-Lesions_USG-images_and_masks/case130.png,data/raw/BrEaST-Lesions_USG-images_and_masks/case130_tumor.png,512,512,test
cfecf719a61c4f64bb26e265aff58f3e.png,6506481339939441740,case070,images/cfecf719a61c4f64bb26e265aff58f3e.png,masks/cfecf719a61c4f64bb26e265aff58f3e.png,data/raw/BrEaST-Lesions_USG-images_and_masks/case070.png,data/raw/BrEaST-Lesions_USG-images_and_masks/case070_tumor.png,512,512,train
906b20d4c36d4cc1852b0b24920d442c.png,10657148582474808314,case058,images/906b20d4c36d4cc1852b0b24920d442c.png,masks/906b20d4c36d4cc1852b0b24920d442c.png,data/raw/BrEaST-Lesions_USG-images_and_masks/case058.png,data/raw/BrEaST-Lesions_USG-images_and_masks/case058_tumor.png,512,512,test
53937dc4beef488da16595dba24ba88c.png,6077156302272098424,case076,images/53937dc4beef488da16595dba24ba88c.png,masks/53937dc4beef488da16595dba24ba88c.png,data/raw/BrEaST-Lesions_USG-images_and_masks/case076.png,data/raw/BrEaST-Lesions_USG-images_and_masks/case076_tumor.png,512,512,train
e94c4be7334c44088018be793f0e06f2.png,5878802436869220135,case240,images/e94c4be7334c44088018be793f0e06f2.png,masks/e94c4be7334c44088018be793f0e06f2.png,data/raw/BrEaST-Lesions_USG-images_and_masks/case240.png,data/raw/BrEaST-Lesions_USG-images_and_masks/case240_tumor.png,512,512,train
6a7d1bab8e1a477382cbdb706f42d297.png,7739799256603258478,case254,images/6a7d1bab8e1a477382cbdb706f42d297.png,masks/6a7d1bab8e1a477382cbdb706f42d297.png,data/raw/BrEaST-Lesions_USG-images_and_masks/case254.png,data/raw/BrEaST-Lesions_USG-images_and_masks/case254_tumor.png,512,512,train
570d2a00e08643c0833f3106b8df8a4a.png,11589077718687601904,case062,images/570d2a00e08643c0833f3106b8df8a4a.png,masks/570d2a00e08643c0833f3106b8df8a4a.png,data/raw/BrEaST-Lesions_USG-images_and_masks/case062.png,data/raw/BrEaST-Lesions_USG-images_and_masks/case062_tumor.png,512,512,train
fc7dc2d6e833461d9523cc812257b964.png,15171871188836272460,case124,images/fc7dc2d6e833461d9523cc812257b964.png,masks/fc7dc2d6e833461d9523cc812257b964.png,data/raw/BrEaST-Lesions_USG-images_and_masks/case124.png,data/raw/BrEaST-Lesions_USG-images_and_masks/case124_tumor.png,512,512,train
1da980f9af8341a7b6dc0b2c0aee8a2f.png,16975663132891262381,case138,images/1da980f9af8341a7b6dc0b2c0aee8a2f.png,masks/1da980f9af8341a7b6dc0b2c0aee8a2f.png,data/raw/BrEaST-Lesions_USG-images_and_masks/case138.png,data/raw/BrEaST-Lesions_USG-images_and_masks/case138_tumor.png,512,512,train
d421340c9b4548e68f0f74dbc175d266.png,7286046734535685348,case197,images/d421340c9b4548e68f0f74dbc175d266.png,masks/d421340c9b4548e68f0f74dbc175d266.png,data/raw/BrEaST-Lesions_USG-images_and_masks/case197.png,data/raw/BrEaST-Lesions_USG-images_and_masks/case197_tumor.png,512,512,train
101848546324457e85f079e2de1dd772.png,9833765059540767382,case018,images/101848546324457e85f079e2de1dd772.png,masks/101848546324457e85f079e2de1dd772.png,data/raw/BrEaST-Lesions_USG-images_and_masks/case018.png,data/raw/BrEaST-Lesions_USG-images_and_masks/case018_tumor.png,512,512,train
3f96f273c436469f8f3c34dd696b1892.png,5351783041412520563,case043,images/3f96f273c436469f8f3c34dd696b1892.png,masks/3f96f273c436469f8f3c34dd696b1892.png,data/raw/BrEaST-Lesions_USG-images_and_masks/case043.png,data/raw/BrEaST-Lesions_USG-images_and_masks/case043_tumor.png,512,512,train
269e9a2abd6e4cbf86c241f081d4dad8.png,17941433382858397944,case105,images/269e9a2abd6e4cbf86c241f081d4dad8.png,masks/269e9a2abd6e4cbf86c241f081d4dad8.png,data/raw/BrEaST-Lesions_USG-images_and_masks/case105.png,data/raw/BrEaST-Lesions_USG-images_and_masks/case105_tumor.png,512,512,val
a03ca04e879b472dab9b8ac599a7038b.png,14229914443229282773,case139,images/a03ca04e879b472dab9b8ac599a7038b.png,masks/a03ca04e879b472dab9b8ac599a7038b.png,data/raw/BrEaST-Lesions_USG-images_and_masks/case139.png,data/raw/BrEaST-Lesions_USG-images_and_masks/case139_tumor.png,512,512,test
47c2e47e118f4640ad08d5495d23e6d5.png,12852127429339715993,case111,images/47c2e47e118f4640ad08d5495d23e6d5.png,masks/47c2e47e118f4640ad08d5495d23e6d5.png,data/raw/BrEaST-Lesions_USG-images_and_masks/case111.png,data/raw/BrEaST-Lesions_USG-images_and_masks/case111_tumor.png,512,512,train
aa5e9ae0d51846049690fd1de0296414.png,6229561704301878090,case059,images/aa5e9ae0d51846049690fd1de0296414.png,masks/aa5e9ae0d51846049690fd1de0296414.png,data/raw/BrEaST-Lesions_USG-images_and_masks/case059.png,data/raw/BrEaST-Lesions_USG-images_and_masks/case059_tumor.png,512,512,test
5b464d50e4084d9087981cc27abdcf4e.png,5880939871934111792,case057,images/5b464d50e4084d9087981cc27abdcf4e.png,masks/5b464d50e4084d9087981cc27abdcf4e.png,data/raw/BrEaST-Lesions_USG-images_and_masks/case057.png,data/raw/BrEaST-Lesions_USG-images_and_masks/case057_tumor.png,512,512,train
1622e702f9d4406da47f11dbc6b88dae.png,1609522729758189418,case032,images/1622e702f9d4406da47f11dbc6b88dae.png,masks/1622e702f9d4406da47f11dbc6b88dae.png,data/raw/BrEaST-Lesions_USG-images_and_masks/case032.png,data/raw/BrEaST-Lesions_USG-images_and_masks/case032_tumor.png,512,512,train
82dbef4d82f14f808b550858d9beffa9.png,1611128438340348608,case081,images/82dbef4d82f14f808b550858d9beffa9.png,masks/82dbef4d82f14f808b550858d9beffa9.png,data/raw/BrEaST-Lesions_USG-images_and_masks/case081.png,data/raw/BrEaST-Lesions_USG-images_and_masks/case081_tumor.png,512,512,train
99f47c6092ef4d419820b54282ab76df.png,15660500849897069917,case048,images/99f47c6092ef4d419820b54282ab76df.png,masks/99f47c6092ef4d419820b54282ab76df.png,data/raw/BrEaST-Lesions_USG-images_and_masks/case048.png,data/raw/BrEaST-Lesions_USG-images_and_masks/case048_tumor.png,512,512,train
977329ca46384f3d8ab4239f5388b38c.png,3183667545455239625,case075,images/977329ca46384f3d8ab4239f5388b38c.png,masks/977329ca46384f3d8ab4239f5388b38c.png,data/raw/BrEaST-Lesions_USG-images_and_masks/case075.png,data/raw/BrEaST-Lesions_USG-images_and_masks/case075_tumor.png,512,512,train
5f706880ec89447696dd53ae2d405cd8.png,17647615366867342032,case095,images/5f706880ec89447696dd53ae2d405cd8.png,masks/5f706880ec89447696dd53ae2d405cd8.png,data/raw/BrEaST-Lesions_USG-images_and_masks/case095.png,data/raw/BrEaST-Lesions_USG-images_and_masks/case095_tumor.png,512,512,train
cb675e35453149b2802b49f9fb9d2edc.png,10756059818986819087,case115,images/cb675e35453149b2802b49f9fb9d2edc.png,masks/cb675e35453149b2802b49f9fb9d2edc.png,data/raw/BrEaST-Lesions_USG-images_and_masks/case115.png,data/raw/BrEaST-Lesions_USG-images_and_masks/case115_tumor.png,512,512,train
d5045e5d5df341018fbea4ebc8316831.png,16785174035962841840,case101,images/d5045e5d5df341018fbea4ebc8316831.png,masks/d5045e5d5df341018fbea4ebc8316831.png,data/raw/BrEaST-Lesions_USG-images_and_masks/case101.png,data/raw/BrEaST-Lesions_USG-images_and_masks/case101_tumor.png,512,512,train
016fafb5ae0c404a85cda0c3cbd276a7.png,6217868454548428613,case026,images/016fafb5ae0c404a85cda0c3cbd276a7.png,masks/016fafb5ae0c404a85cda0c3cbd276a7.png,data/raw/BrEaST-Lesions_USG-images_and_masks/case026.png,data/raw/BrEaST-Lesions_USG-images_and_masks/case026_tumor.png,512,512,train
b10f2cf3f9914ff8995e8635f42c9b33.png,17361632375167699176,case100,images/b10f2cf3f9914ff8995e8635f42c9b33.png,masks/b10f2cf3f9914ff8995e8635f42c9b33.png,data/raw/BrEaST-Lesions_USG-images_and_masks/case100.png,data/raw/BrEaST-Lesions_USG-images_and_masks/case100_tumor.png,512,512,val
792c65d372994674a2e5a464ff98ac43.png,5933133697497329764,case231,images/792c65d372994674a2e5a464ff98ac43.png,masks/792c65d372994674a2e5a464ff98ac43.png,data/raw/BrEaST-Lesions_USG-images_and_masks/case231.png,data/raw/BrEaST-Lesions_USG-images_and_masks/case231_tumor.png,512,512,train
972213451975453b85830ba33d3ff1be.png,4961878728525961851,case114,images/972213451975453b85830ba33d3ff1be.png,masks/972213451975453b85830ba33d3ff1be.png,data/raw/BrEaST-Lesions_USG-images_and_masks/case114.png,data/raw/BrEaST-Lesions_USG-images_and_masks/case114_tumor.png,512,512,train
70e17902c7c74594bfac3782f1817d41.png,13070931862293448583,case141,images/70e17902c7c74594bfac3782f1817d41.png,masks/70e17902c7c74594bfac3782f1817d41.png,data/raw/BrEaST-Lesions_USG-images_and_masks/case141.png,data/raw/BrEaST-Lesions_USG-images_and_masks/case141_tumor.png,512,512,train
651fe58e1f2140cb8ec5604d298187db.png,5347381937223534877,case074,images/651fe58e1f2140cb8ec5604d298187db.png,masks/651fe58e1f2140cb8ec5604d298187db.png,data/raw/BrEaST-Lesions_USG-images_and_masks/case074.png,data/raw/BrEaST-Lesions_USG-images_and_masks/case074_tumor.png,512,512,train
fb9cf7ae39ad4175a2d253c4e2c8e766.png,7082557380758424941,case060,images/fb9cf7ae39ad4175a2d253c4e2c8e766.png,masks/fb9cf7ae39ad4175a2d253c4e2c8e766.png,data/raw/BrEaST-Lesions_USG-images_and_masks/case060.png,data/raw/BrEaST-Lesions_USG-images_and_masks/case060_tumor.png,512,512,train
9f5e6955c48c43ec97c25c5a2fc2d36e.png,7215514657212547778,case155,images/9f5e6955c48c43ec97c25c5a2fc2d36e.png,masks/9f5e6955c48c43ec97c25c5a2fc2d36e.png,data/raw/BrEaST-Lesions_USG-images_and_masks/case155.png,data/raw/BrEaST-Lesions_USG-images_and_masks/case155_tumor.png,512,512,train
ab5957207484443fa5b41db802ad1ab1.png,16786266890156946672,case225,images/ab5957207484443fa5b41db802ad1ab1.png,masks/ab5957207484443fa5b41db802ad1ab1.png,data/raw/BrEaST-Lesions_USG-images_and_masks/case225.png,data/raw/BrEaST-Lesions_USG-images_and_masks/case225_tumor.png,512,512,train
f86a77cde80a4fcc8d7dc9ce046a38ab.png,7240315604279134350,case069,images/f86a77cde80a4fcc8d7dc9ce046a38ab.png,masks/f86a77cde80a4fcc8d7dc9ce046a38ab.png,data/raw/BrEaST-Lesions_USG-images_and_masks/case069.png,data/raw/BrEaST-Lesions_USG-images_and_masks/case069_tumor.png,512,512,train
5567c2a5511840f792a7c97365c48ca1.png,5428360017244210846,case179,images/5567c2a5511840f792a7c97365c48ca1.png,masks/5567c2a5511840f792a7c97365c48ca1.png,data/raw/BrEaST-Lesions_USG-images_and_masks/case179.png,data/raw/BrEaST-Lesions_USG-images_and_masks/case179_tumor.png,512,512,train
ecd54321f5ac41ecab0c6002078e2f40.png,7554317931448325204,case248,images/ecd54321f5ac41ecab0c6002078e2f40.png,masks/ecd54321f5ac41ecab0c6002078e2f40.png,data/raw/BrEaST-Lesions_USG-images_and_masks/case248.png,data/raw/BrEaST-Lesions_USG-images_and_masks/case248_tumor.png,512,512,train
368da58086b24d66a13428d46b86f3fa.png,15909752722900437192,case089,images/368da58086b24d66a13428d46b86f3fa.png,masks/368da58086b24d66a13428d46b86f3fa.png,data/raw/BrEaST-Lesions_USG-images_and_masks/case089.png,data/raw/BrEaST-Lesions_USG-images_and_masks/case089_tumor.png,512,512,test
40723d10f3594e60bb3d2b896cf14440.png,16780645980689964796,case103,images/40723d10f3594e60bb3d2b896cf14440.png,masks/40723d10f3594e60bb3d2b896cf14440.png,data/raw/BrEaST-Lesions_USG-images_and_masks/case103.png,data/raw/BrEaST-Lesions_USG-images_and_masks/case103_tumor.png,512,512,train
03775076b36f4ce2b9af77950798ecda.png,6508314120200360883,case051,images/03775076b36f4ce2b9af77950798ecda.png,masks/03775076b36f4ce2b9af77950798ecda.png,data/raw/BrEaST-Lesions_USG-images_and_masks/case051.png,data/raw/BrEaST-Lesions_USG-images_and_masks/case051_tumor.png,512,512,test
34a17b23b6e4411b90a713c9d71578ed.png,5572589310102070757,case117,images/34a17b23b6e4411b90a713c9d71578ed.png,masks/34a17b23b6e4411b90a713c9d71578ed.png,data/raw/BrEaST-Lesions_USG-images_and_masks/case117.png,data/raw/BrEaST-Lesions_USG-images_and_masks/case117_tumor.png,512,512,train
47a22161d6744799919117383afa878d.png,10901918607315719447,case246,images/47a22161d6744799919117383afa878d.png,masks/47a22161d6744799919117383afa878d.png,data/raw/BrEaST-Lesions_USG-images_and_masks/case246.png,data/raw/BrEaST-Lesions_USG-images_and_masks/case246_tumor.png,512,512,train
715da7a1babf4f7192423fe522cec39d.png,3218861428992191128,case136,images/715da7a1babf4f7192423fe522cec39d.png,masks/715da7a1babf4f7192423fe522cec39d.png,data/raw/BrEaST-Lesions_USG-images_and_masks/case136.png,data/raw/BrEaST-Lesions_USG-images_and_masks/case136_tumor.png,512,512,train
e1067eb5de73424ea996a4fdaa3a607a.png,16730676290816849944,case185,images/e1067eb5de73424ea996a4fdaa3a607a.png,masks/e1067eb5de73424ea996a4fdaa3a607a.png,data/raw/BrEaST-Lesions_USG-images_and_masks/case185.png,data/raw/BrEaST-Lesions_USG-images_and_masks/case185_tumor.png,512,512,train
c93478e51fec4e6c9797a8c05cb720c7.png,3185428829449397902,case191,images/c93478e51fec4e6c9797a8c05cb720c7.png,masks/c93478e51fec4e6c9797a8c05cb720c7.png,data/raw/BrEaST-Lesions_USG-images_and_masks/case191.png,data/raw/BrEaST-Lesions_USG-images_and_masks/case191_tumor.png,512,512,train
ce921cb83cd2411a90832daa81b4d44f.png,4996827119893556169,case088,images/ce921cb83cd2411a90832daa81b4d44f.png,masks/ce921cb83cd2411a90832daa81b4d44f.png,data/raw/BrEaST-Lesions_USG-images_and_masks/case088.png,data/raw/BrEaST-Lesions_USG-images_and_masks/case088_tumor.png,512,512,train
f87718080c8a4c3a8570ab1b57b0e4d3.png,7733327461029408334,case122,images/f87718080c8a4c3a8570ab1b57b0e4d3.png,masks/f87718080c8a4c3a8570ab1b57b0e4d3.png,data/raw/BrEaST-Lesions_USG-images_and_masks/case122.png,data/raw/BrEaST-Lesions_USG-images_and_masks/case122_tumor.png,512,512,train
f74564680f4e4e8c855d3f321aabf702.png,5281130247153940658,case252,images/f74564680f4e4e8c855d3f321aabf702.png,masks/f74564680f4e4e8c855d3f321aabf702.png,data/raw/BrEaST-Lesions_USG-images_and_masks/case252.png,data/raw/BrEaST-Lesions_USG-images_and_masks/case252_tumor.png,512,512,test
e966976a0ae3483abad28a3dff275252.png,14000360894542262871,case249,images/e966976a0ae3483abad28a3dff275252.png,masks/e966976a0ae3483abad28a3dff275252.png,data/raw/BrEaST-Lesions_USG-images_and_masks/case249.png,data/raw/BrEaST-Lesions_USG-images_and_masks/case249_tumor.png,512,512,train
dc2e6614012b402885100d663d2585a3.png,1254625523501066499,case023,images/dc2e6614012b402885100d663d2585a3.png,masks/dc2e6614012b402885100d663d2585a3.png,data/raw/BrEaST-Lesions_USG-images_and_masks/case023.png,data/raw/BrEaST-Lesions_USG-images_and_masks/case023_tumor.png,512,512,train
84c7255086354c3aba176f9393cdcb45.png,12350387142099922302,case250,images/84c7255086354c3aba176f9393cdcb45.png,masks/84c7255086354c3aba176f9393cdcb45.png,data/raw/BrEaST-Lesions_USG-images_and_masks/case250.png,data/raw/BrEaST-Lesions_USG-images_and_masks/case250_tumor.png,512,512,train
7e7a984533794ce58c9fcb150daa6d15.png,17701780202358204230,case244,images/7e7a984533794ce58c9fcb150daa6d15.png,masks/7e7a984533794ce58c9fcb150daa6d15.png,data/raw/BrEaST-Lesions_USG-images_and_masks/case244.png,data/raw/BrEaST-Lesions_USG-images_and_masks/case244_tumor.png,512,512,train
15cc615643824af0be0230cbb85a9626.png,8161778526179448029,case091,images/15cc615643824af0be0230cbb85a9626.png,masks/15cc615643824af0be0230cbb85a9626.png,data/raw/BrEaST-Lesions_USG-images_and_masks/case091.png,data/raw/BrEaST-Lesions_USG-images_and_masks/case091_tumor.png,512,512,val
d8a3b133653c4257846ec8bc7e1c7e9a.png,7756841543800564395,case085,images/d8a3b133653c4257846ec8bc7e1c7e9a.png,masks/d8a3b133653c4257846ec8bc7e1c7e9a.png,data/raw/BrEaST-Lesions_USG-images_and_masks/case085.png,data/raw/BrEaST-Lesions_USG-images_and_masks/case085_tumor.png,512,512,test
01355504d2f940029d7500dec019ec3b.png,16926806947694025624,case052,images/01355504d2f940029d7500dec019ec3b.png,masks/01355504d2f940029d7500dec019ec3b.png,data/raw/BrEaST-Lesions_USG-images_and_masks/case052.png,data/raw/BrEaST-Lesions_USG-images_and_masks/case052_tumor.png,512,512,train
5dff58066b9943ddb149955f7711e3ec.png,11937580050411392783,case046,images/5dff58066b9943ddb149955f7711e3ec.png,masks/5dff58066b9943ddb149955f7711e3ec.png,data/raw/BrEaST-Lesions_USG-images_and_masks/case046.png,data/raw/BrEaST-Lesions_USG-images_and_masks/case046_tumor.png,512,512,train
974fb0754ebc4581bb78ae123f6391b5.png,6004516722909761004,case090,images/974fb0754ebc4581bb78ae123f6391b5.png,masks/974fb0754ebc4581bb78ae123f6391b5.png,data/raw/BrEaST-Lesions_USG-images_and_masks/case090.png,data/raw/BrEaST-Lesions_USG-images_and_masks/case090_tumor.png,512,512,train
0df243e147034aed8d96cb8d1138fcb6.png,15631912619297773744,case084,images/0df243e147034aed8d96cb8d1138fcb6.png,masks/0df243e147034aed8d96cb8d1138fcb6.png,data/raw/BrEaST-Lesions_USG-images_and_masks/case084.png,data/raw/BrEaST-Lesions_USG-images_and_masks/case084_tumor.png,512,512,train
371ed3fc121141568d313a8b46e6f289.png,3517180904733669347,case126,images/371ed3fc121141568d313a8b46e6f289.png,masks/371ed3fc121141568d313a8b46e6f289.png,data/raw/BrEaST-Lesions_USG-images_and_masks/case126.png,data/raw/BrEaST-Lesions_USG-images_and_masks/case126_tumor.png,512,512,test
6fbb1babeecb4023a3a7f48bbdad6f2f.png,16787366230253413604,case132,images/6fbb1babeecb4023a3a7f48bbdad6f2f.png,masks/6fbb1babeecb4023a3a7f48bbdad6f2f.png,data/raw/BrEaST-Lesions_USG-images_and_masks/case132.png,data/raw/BrEaST-Lesions_USG-images_and_masks/case132_tumor.png,512,512,test
ee4c78dbaf1d46408ef63e0d9a07c139.png,1571058413290138314,case037,images/ee4c78dbaf1d46408ef63e0d9a07c139.png,masks/ee4c78dbaf1d46408ef63e0d9a07c139.png,data/raw/BrEaST-Lesions_USG-images_and_masks/case037.png,data/raw/BrEaST-Lesions_USG-images_and_masks/case037_tumor.png,512,512,train
b085614ccfe04683b8971021d88fa2b5.png,8058229022864939433,case150,images/b085614ccfe04683b8971021d88fa2b5.png,masks/b085614ccfe04683b8971021d88fa2b5.png,data/raw/BrEaST-Lesions_USG-images_and_masks/case150.png,data/raw/BrEaST-Lesions_USG-images_and_masks/case150_tumor.png,512,512,train
62e639b4976c431898b45c89f1d83bf4.png,5355295203478775214,case133,images/62e639b4976c431898b45c89f1d83bf4.png,masks/62e639b4976c431898b45c89f1d83bf4.png,data/raw/BrEaST-Lesions_USG-images_and_masks/case133.png,data/raw/BrEaST-Lesions_USG-images_and_masks/case133_tumor.png,512,512,train
ee82a12d272b4a16bb3e269143504363.png,7946789319781272808,case220,images/ee82a12d272b4a16bb3e269143504363.png,masks/ee82a12d272b4a16bb3e269143504363.png,data/raw/BrEaST-Lesions_USG-images_and_masks/case220.png,data/raw/BrEaST-Lesions_USG-images_and_masks/case220_tumor.png,512,512,train
e58a7fc7d3084a1390cb0abf81a59751.png,6518338432816985460,case127,images/e58a7fc7d3084a1390cb0abf81a59751.png,masks/e58a7fc7d3084a1390cb0abf81a59751.png,data/raw/BrEaST-Lesions_USG-images_and_masks/case127.png,data/raw/BrEaST-Lesions_USG-images_and_masks/case127_tumor.png,512,512,train
77a40bfc95524f22b0d876b155b97b15.png,6478826958158973642,case047,images/77a40bfc95524f22b0d876b155b97b15.png,masks/77a40bfc95524f22b0d876b155b97b15.png,data/raw/BrEaST-Lesions_USG-images_and_masks/case047.png,data/raw/BrEaST-Lesions_USG-images_and_masks/case047_tumor.png,512,512,train
b26eed3212ac4020b3af8133b66abb2c.png,14153523518046441414,case053,images/b26eed3212ac4020b3af8133b66abb2c.png,masks/b26eed3212ac4020b3af8133b66abb2c.png,data/raw/BrEaST-Lesions_USG-images_and_masks/case053.png,data/raw/BrEaST-Lesions_USG-images_and_masks/case053_tumor.png,512,512,train
bd8baa8cbdbf4afdb1b18cd5432cfedc.png,5572165557719491443,case234,images/bd8baa8cbdbf4afdb1b18cd5432cfedc.png,masks/bd8baa8cbdbf4afdb1b18cd5432cfedc.png,data/raw/BrEaST-Lesions_USG-images_and_masks/case234.png,data/raw/BrEaST-Lesions_USG-images_and_masks/case234_tumor.png,512,512,test
5f2799ef438e4e289cb93557ddb4233b.png,8208316838233563376,case144,images/5f2799ef438e4e289cb93557ddb4233b.png,masks/5f2799ef438e4e289cb93557ddb4233b.png,data/raw/BrEaST-Lesions_USG-images_and_masks/case144.png,data/raw/BrEaST-Lesions_USG-images_and_masks/case144_tumor.png,512,512,test
6f62e335f60f4168bf25df996f04b990.png,12007874430519880238,case245,images/6f62e335f60f4168bf25df996f04b990.png,masks/6f62e335f60f4168bf25df996f04b990.png,data/raw/BrEaST-Lesions_USG-images_and_masks/case245.png,data/raw/BrEaST-Lesions_USG-images_and_masks/case245_tumor.png,512,512,train
303a8d1bae4f4105b3799edc702556f0.png,7532287072064582933,case251,images/303a8d1bae4f4105b3799edc702556f0.png,masks/303a8d1bae4f4105b3799edc702556f0.png,data/raw/BrEaST-Lesions_USG-images_and_masks/case251.png,data/raw/BrEaST-Lesions_USG-images_and_masks/case251_tumor.png,512,512,val
7beadad5e08149c0b845d978252bcd77.png,12724486669937262772,case078,images/7beadad5e08149c0b845d978252bcd77.png,masks/7beadad5e08149c0b845d978252bcd77.png,data/raw/BrEaST-Lesions_USG-images_and_masks/case078.png,data/raw/BrEaST-Lesions_USG-images_and_masks/case078_tumor.png,512,512,train
aac9dde5f7a343dbbd24192aa51cab7b.png,5576959747771708950,case168,images/aac9dde5f7a343dbbd24192aa51cab7b.png,masks/aac9dde5f7a343dbbd24192aa51cab7b.png,data/raw/BrEaST-Lesions_USG-images_and_masks/case168.png,data/raw/BrEaST-Lesions_USG-images_and_masks/case168_tumor.png,512,512,train
9ec185aef5d14fa2b9d50eb04cd5f011.png,4137729901285939256,case218,images/9ec185aef5d14fa2b9d50eb04cd5f011.png,masks/9ec185aef5d14fa2b9d50eb04cd5f011.png,data/raw/BrEaST-Lesions_USG-images_and_masks/case218.png,data/raw/BrEaST-Lesions_USG-images_and_masks/case218_tumor.png,512,512,train
d2aa88e8d2c648ebaa1f4005875984d3.png,5533643640946813289,case054,images/d2aa88e8d2c648ebaa1f4005875984d3.png,masks/d2aa88e8d2c648ebaa1f4005875984d3.png,data/raw/BrEaST-Lesions_USG-images_and_masks/case054.png,data/raw/BrEaST-Lesions_USG-images_and_masks/case054_tumor.png,512,512,test
c0c1f77f13c64da188854e37aa6e72c3.png,5573299120732816965,case079,images/c0c1f77f13c64da188854e37aa6e72c3.png,masks/c0c1f77f13c64da188854e37aa6e72c3.png,data/raw/BrEaST-Lesions_USG-images_and_masks/case079.png,data/raw/BrEaST-Lesions_USG-images_and_masks/case079_tumor.png,512,512,train
9f56b3749f2742ffa01a86a4f6d850a3.png,11107888687103716008,case040,images/9f56b3749f2742ffa01a86a4f6d850a3.png,masks/9f56b3749f2742ffa01a86a4f6d850a3.png,data/raw/BrEaST-Lesions_USG-images_and_masks/case040.png,data/raw/BrEaST-Lesions_USG-images_and_masks/case040_tumor.png,512,512,val
811cfb610dd645c190257f011e4b4062.png,16782853972780406004,case119,images/811cfb610dd645c190257f011e4b4062.png,masks/811cfb610dd645c190257f011e4b4062.png,data/raw/BrEaST-Lesions_USG-images_and_masks/case119.png,data/raw/BrEaST-Lesions_USG-images_and_masks/case119_tumor.png,512,512,train
51fa2b427fe74055962569327b5e4758.png,8049575589210854345,case118,images/51fa2b427fe74055962569327b5e4758.png,masks/51fa2b427fe74055962569327b5e4758.png,data/raw/BrEaST-Lesions_USG-images_and_masks/case118.png,data/raw/BrEaST-Lesions_USG-images_and_masks/case118_tumor.png,512,512,train
703f7bb930e94705887e18014152208e.png,15368631953575086344,case194,images/703f7bb930e94705887e18014152208e.png,masks/703f7bb930e94705887e18014152208e.png,data/raw/BrEaST-Lesions_USG-images_and_masks/case194.png,data/raw/BrEaST-Lesions_USG-images_and_masks/case194_tumor.png,512,512,train
5814d6c3eb314c449bd6e6f02b9421d0.png,11055309224823059588,case180,images/5814d6c3eb314c449bd6e6f02b9421d0.png,masks/5814d6c3eb314c449bd6e6f02b9421d0.png,data/raw/BrEaST-Lesions_USG-images_and_masks/case180.png,data/raw/BrEaST-Lesions_USG-images_and_masks/case180_tumor.png,512,512,train
5316a6928acd4a7a9ace89b6f7579ed1.png,3376246837587758390,case243,images/5316a6928acd4a7a9ace89b6f7579ed1.png,masks/5316a6928acd4a7a9ace89b6f7579ed1.png,data/raw/BrEaST-Lesions_USG-images_and_masks/case243.png,data/raw/BrEaST-Lesions_USG-images_and_masks/case243_tumor.png,512,512,train
68846ed464464ed4b276b5437d4dd99b.png,15197615287481936834,case226,images/68846ed464464ed4b276b5437d4dd99b.png,masks/68846ed464464ed4b276b5437d4dd99b.png,data/raw/BrEaST-Lesions_USG-images_and_masks/case226.png,data/raw/BrEaST-Lesions_USG-images_and_masks/case226_tumor.png,512,512,train
037274f21805406db1073b01ca5c3459.png,1367172929663643873,case156,images/037274f21805406db1073b01ca5c3459.png,masks/037274f21805406db1073b01ca5c3459.png,data/raw/BrEaST-Lesions_USG-images_and_masks/case156.png,data/raw/BrEaST-Lesions_USG-images_and_masks/case156_tumor.png,512,512,train
d3db4ff377ba476f898bda08161cb660.png,5355523606042428082,case242,images/d3db4ff377ba476f898bda08161cb660.png,masks/d3db4ff377ba476f898bda08161cb660.png,data/raw/BrEaST-Lesions_USG-images_and_masks/case242.png,data/raw/BrEaST-Lesions_USG-images_and_masks/case242_tumor.png,512,512,train
fa91aa2ce25e4f2bbe26ca53243e0674.png,5353563249772743129,case256,images/fa91aa2ce25e4f2bbe26ca53243e0674.png,masks/fa91aa2ce25e4f2bbe26ca53243e0674.png,data/raw/BrEaST-Lesions_USG-images_and_masks/case256.png,data/raw/BrEaST-Lesions_USG-images_and_masks/case256_tumor.png,512,512,val
5205b82776784744a96dee31c82da987.png,7876949298633147167,case083,images/5205b82776784744a96dee31c82da987.png,masks/5205b82776784744a96dee31c82da987.png,data/raw/BrEaST-Lesions_USG-images_and_masks/case083.png,data/raw/BrEaST-Lesions_USG-images_and_masks/case083_tumor.png,512,512,train
3bcb7cb9637f461b929efacdd441477e.png,9606962336364794261,case097,images/3bcb7cb9637f461b929efacdd441477e.png,masks/3bcb7cb9637f461b929efacdd441477e.png,data/raw/BrEaST-Lesions_USG-images_and_masks/case097.png,data/raw/BrEaST-Lesions_USG-images_and_masks/case097_tumor.png,512,512,train
ea33ce6883e44e77b82442a47127bb2d.png,6600638297384098506,case134,images/ea33ce6883e44e77b82442a47127bb2d.png,masks/ea33ce6883e44e77b82442a47127bb2d.png,data/raw/BrEaST-Lesions_USG-images_and_masks/case134.png,data/raw/BrEaST-Lesions_USG-images_and_masks/case134_tumor.png,512,512,val
6d6b36b2334e496f835eaeec6d6afcd6.png,14910810172495033302,case120,images/6d6b36b2334e496f835eaeec6d6afcd6.png,masks/6d6b36b2334e496f835eaeec6d6afcd6.png,data/raw/BrEaST-Lesions_USG-images_and_masks/case120.png,data/raw/BrEaST-Lesions_USG-images_and_masks/case120_tumor.png,512,512,test
2bd996226a0141a5a0ed1064e06111f5.png,16786302084158034912,case142,images/2bd996226a0141a5a0ed1064e06111f5.png,masks/2bd996226a0141a5a0ed1064e06111f5.png,data/raw/BrEaST-Lesions_USG-images_and_masks/case142.png,data/raw/BrEaST-Lesions_USG-images_and_masks/case142_tumor.png,512,512,train
e4d2dc27f40b412388ff4fe381456f1c.png,6075730464302779740,case232,images/e4d2dc27f40b412388ff4fe381456f1c.png,masks/e4d2dc27f40b412388ff4fe381456f1c.png,data/raw/BrEaST-Lesions_USG-images_and_masks/case232.png,data/raw/BrEaST-Lesions_USG-images_and_masks/case232_tumor.png,512,512,train
5dd2efc6530b4756a19b35e6de65f3ce.png,6725082243151050779,case096,images/5dd2efc6530b4756a19b35e6de65f3ce.png,masks/5dd2efc6530b4756a19b35e6de65f3ce.png,data/raw/BrEaST-Lesions_USG-images_and_masks/case096.png,data/raw/BrEaST-Lesions_USG-images_and_masks/case096_tumor.png,512,512,train
950daba5bb24485582e76fd2d6e9f014.png,6290206284431242559,case121,images/950daba5bb24485582e76fd2d6e9f014.png,masks/950daba5bb24485582e76fd2d6e9f014.png,data/raw/BrEaST-Lesions_USG-images_and_masks/case121.png,data/raw/BrEaST-Lesions_USG-images_and_masks/case121_tumor.png,512,512,train
1cc91007bb0c4a27a335c7590e012ffe.png,2713938391750325926,case135,images/1cc91007bb0c4a27a335c7590e012ffe.png,masks/1cc91007bb0c4a27a335c7590e012ffe.png,data/raw/BrEaST-Lesions_USG-images_and_masks/case135.png,data/raw/BrEaST-Lesions_USG-images_and_masks/case135_tumor.png,512,512,train
26e6301d94dd43c4b16683187b6d9e65.png,9754134523415991589,case025,images/26e6301d94dd43c4b16683187b6d9e65.png,masks/26e6301d94dd43c4b16683187b6d9e65.png,data/raw/BrEaST-Lesions_USG-images_and_masks/case025.png,data/raw/BrEaST-Lesions_USG-images_and_masks/case025_tumor.png,512,512,train
0b80e0c4ba0e4d93b9d822fa2602c453.png,16780646015185499380,case055,images/0b80e0c4ba0e4d93b9d822fa2602c453.png,masks/0b80e0c4ba0e4d93b9d822fa2602c453.png,data/raw/BrEaST-Lesions_USG-images_and_masks/case055.png,data/raw/BrEaST-Lesions_USG-images_and_masks/case055_tumor.png,512,512,train
b50ef4496620449a835b35376c0aae57.png,5362460368229256792,case031,images/b50ef4496620449a835b35376c0aae57.png,masks/b50ef4496620449a835b35376c0aae57.png,data/raw/BrEaST-Lesions_USG-images_and_masks/case031.png,data/raw/BrEaST-Lesions_USG-images_and_masks/case031_tumor.png,512,512,train
548b7f18a65545ab9e0e5cb97728c27e.png,14792394203843869867,case041,images/548b7f18a65545ab9e0e5cb97728c27e.png,masks/548b7f18a65545ab9e0e5cb97728c27e.png,data/raw/BrEaST-Lesions_USG-images_and_masks/case041.png,data/raw/BrEaST-Lesions_USG-images_and_masks/case041_tumor.png,512,512,train
baea076ab60c437aa4e20957206beec0.png,7700758127531308309,case082,images/baea076ab60c437aa4e20957206beec0.png,masks/baea076ab60c437aa4e20957206beec0.png,data/raw/BrEaST-Lesions_USG-images_and_masks/case082.png,data/raw/BrEaST-Lesions_USG-images_and_masks/case082_tumor.png,512,512,train
870cb49515874a6291d6ce02017d1031.png,2443451936767874757,case192,images/870cb49515874a6291d6ce02017d1031.png,masks/870cb49515874a6291d6ce02017d1031.png,data/raw/BrEaST-Lesions_USG-images_and_masks/case192.png,data/raw/BrEaST-Lesions_USG-images_and_masks/case192_tumor.png,512,512,train
2c7f4e8803a2473bb5718ff6d825e5a1.png,13639742483101369378,case009,images/2c7f4e8803a2473bb5718ff6d825e5a1.png,masks/2c7f4e8803a2473bb5718ff6d825e5a1.png,data/raw/BrEaST-Lesions_USG-images_and_masks/case009.png,data/raw/BrEaST-Lesions_USG-images_and_masks/case009_tumor.png,512,512,train
3aa9c0f0f3ee4288ac7baedc84b000c1.png,4127015087130476544,case186,images/3aa9c0f0f3ee4288ac7baedc84b000c1.png,masks/3aa9c0f0f3ee4288ac7baedc84b000c1.png,data/raw/BrEaST-Lesions_USG-images_and_masks/case186.png,data/raw/BrEaST-Lesions_USG-images_and_masks/case186_tumor.png,512,512,train
7e11467d43ec4022b63fb451ea221542.png,2561788914863567313,case233,images/7e11467d43ec4022b63fb451ea221542.png,masks/7e11467d43ec4022b63fb451ea221542.png,data/raw/BrEaST-Lesions_USG-images_and_masks/case233.png,data/raw/BrEaST-Lesions_USG-images_and_masks/case233_tumor.png,512,512,train
6505c81c01a14dfbb57d6bceb3ea91c6.png,7089058947508154221,case227,images/6505c81c01a14dfbb57d6bceb3ea91c6.png,masks/6505c81c01a14dfbb57d6bceb3ea91c6.png,data/raw/BrEaST-Lesions_USG-images_and_masks/case227.png,data/raw/BrEaST-Lesions_USG-images_and_masks/case227_tumor.png,512,512,val
99e33937b9ae40aaaa6bd5125b557a3e.png,8912432735538335630,case036,images/99e33937b9ae40aaaa6bd5125b557a3e.png,masks/99e33937b9ae40aaaa6bd5125b557a3e.png,data/raw/BrEaST-Lesions_USG-images_and_masks/case036.png,data/raw/BrEaST-Lesions_USG-images_and_masks/case036_tumor.png,512,512,train
0f870ca8ac5b4a7fadc5b96e6a119e96.png,3193813471545992911,case145,images/0f870ca8ac5b4a7fadc5b96e6a119e96.png,masks/0f870ca8ac5b4a7fadc5b96e6a119e96.png,data/raw/BrEaST-Lesions_USG-images_and_masks/case145.png,data/raw/BrEaST-Lesions_USG-images_and_masks/case145_tumor.png,512,512,val
2478dc3fe9994f36b1f4cf51c8b7fe59.png,16779485284371820784,case151,images/2478dc3fe9994f36b1f4cf51c8b7fe59.png,masks/2478dc3fe9994f36b1f4cf51c8b7fe59.png,data/raw/BrEaST-Lesions_USG-images_and_masks/case151.png,data/raw/BrEaST-Lesions_USG-images_and_masks/case151_tumor.png,512,512,train
354c2661c83448fbb80af5f6ea61d36f.png,17939219310745275872,case022,images/354c2661c83448fbb80af5f6ea61d36f.png,masks/354c2661c83448fbb80af5f6ea61d36f.png,data/raw/BrEaST-Lesions_USG-images_and_masks/case022.png,data/raw/BrEaST-Lesions_USG-images_and_masks/case022_tumor.png,512,512,train
d372b8cada5740aa908a9a5253931d4e.png,6111488285971187278,case235,images/d372b8cada5740aa908a9a5253931d4e.png,masks/d372b8cada5740aa908a9a5253931d4e.png,data/raw/BrEaST-Lesions_USG-images_and_masks/case235.png,data/raw/BrEaST-Lesions_USG-images_and_masks/case235_tumor.png,512,512,test
2e23c9db1e0a43ecb08ef2eaeed6cbd5.png,10940603938983087501,case193,images/2e23c9db1e0a43ecb08ef2eaeed6cbd5.png,masks/2e23c9db1e0a43ecb08ef2eaeed6cbd5.png,data/raw/BrEaST-Lesions_USG-images_and_masks/case193.png,data/raw/BrEaST-Lesions_USG-images_and_masks/case193_tumor.png,512,512,train
411ee5641e2d4f2d9e88fba97462fcf0.png,6437131671384775692,case187,images/411ee5641e2d4f2d9e88fba97462fcf0.png,masks/411ee5641e2d4f2d9e88fba97462fcf0.png,data/raw/BrEaST-Lesions_USG-images_and_masks/case187.png,data/raw/BrEaST-Lesions_USG-images_and_masks/case187_tumor.png,512,512,test
a3a86b382f4940fa8bbf568d3e885ae7.png,8415422537767727650,case024,images/a3a86b382f4940fa8bbf568d3e885ae7.png,masks/a3a86b382f4940fa8bbf568d3e885ae7.png,data/raw/BrEaST-Lesions_USG-images_and_masks/case024.png,data/raw/BrEaST-Lesions_USG-images_and_masks/case024_tumor.png,512,512,train
6fb9bc07b48b41d2ab4f0d4b7def8d42.png,5472133664740889174,case030,images/6fb9bc07b48b41d2ab4f0d4b7def8d42.png,masks/6fb9bc07b48b41d2ab4f0d4b7def8d42.png,data/raw/BrEaST-Lesions_USG-images_and_masks/case030.png,data/raw/BrEaST-Lesions_USG-images_and_masks/case030_tumor.png,512,512,train
ee5dd0e4fd5d4b358c46f78e49974c84.png,5794067048639123275,case221,images/ee5dd0e4fd5d4b358c46f78e49974c84.png,masks/ee5dd0e4fd5d4b358c46f78e49974c84.png,data/raw/BrEaST-Lesions_USG-images_and_masks/case221.png,data/raw/BrEaST-Lesions_USG-images_and_masks/case221_tumor.png,512,512,train
dc047fea48ba4a119f626a526e49a0f4.png,6365660121404756787,case219,images/dc047fea48ba4a119f626a526e49a0f4.png,masks/dc047fea48ba4a119f626a526e49a0f4.png,data/raw/BrEaST-Lesions_USG-images_and_masks/case219.png,data/raw/BrEaST-Lesions_USG-images_and_masks/case219_tumor.png,512,512,train
778be7d3b00141bfbbb14507eb2df7e8.png,6437450038337658456,case169,images/778be7d3b00141bfbbb14507eb2df7e8.png,masks/778be7d3b00141bfbbb14507eb2df7e8.png,data/raw/BrEaST-Lesions_USG-images_and_masks/case169.png,data/raw/BrEaST-Lesions_USG-images_and_masks/case169_tumor.png,512,512,train
27f82a5d20934f4785869e823f87549b.png,6005680147532095301,case181,images/27f82a5d20934f4785869e823f87549b.png,masks/27f82a5d20934f4785869e823f87549b.png,data/raw/BrEaST-Lesions_USG-images_and_masks/case181.png,data/raw/BrEaST-Lesions_USG-images_and_masks/case181_tumor.png,512,512,val
81323b4682484745b47ac1571d36959f.png,15657691594774882079,case195,images/81323b4682484745b47ac1571d36959f.png,masks/81323b4682484745b47ac1571d36959f.png,data/raw/BrEaST-Lesions_USG-images_and_masks/case195.png,data/raw/BrEaST-Lesions_USG-images_and_masks/case195_tumor.png,512,512,val
fadf207884ed4ec5a556c20980b6493b.png,8164298173828515149,case143,images/fadf207884ed4ec5a556c20980b6493b.png,masks/fadf207884ed4ec5a556c20980b6493b.png,data/raw/BrEaST-Lesions_USG-images_and_masks/case143.png,data/raw/BrEaST-Lesions_USG-images_and_masks/case143_tumor.png,512,512,train
219b08e6dcf24f7c8d3e32376cbf523a.png,12073739009636527469,case157,images/219b08e6dcf24f7c8d3e32376cbf523a.png,masks/219b08e6dcf24f7c8d3e32376cbf523a.png,data/raw/BrEaST-Lesions_USG-images_and_masks/case157.png,data/raw/BrEaST-Lesions_USG-images_and_masks/case157_tumor.png,512,512,val
5b8b1913beb441f18e63bf40201bba8a.png,2984033505594788684,case008,images/5b8b1913beb441f18e63bf40201bba8a.png,masks/5b8b1913beb441f18e63bf40201bba8a.png,data/raw/BrEaST-Lesions_USG-images_and_masks/case008.png,data/raw/BrEaST-Lesions_USG-images_and_masks/case008_tumor.png,512,512,train
